ocha_pcode,name_en,wikidata_qid,name_ne,reason
NP0335,Chitawan,Q28583,चितवन जिल्ला,"COD spells it Chitawan, Wikidata Chitwan. Confirmed by geometry: this item's P625 coordinate falls inside this district's COD polygon, and the containment is 1:1 within the residue."
NP0217,Dhanusa,Q29036,धनुषा जिल्ला,"COD spells it Dhanusa, Wikidata Dhanusha. Confirmed by geometry: this item's P625 coordinate falls inside this district's COD polygon, and the containment is 1:1 within the residue."
NP0549,Kapilbastu,Q28574,कपिलवस्तु जिल्ला,"COD spells it Kapilbastu, Wikidata Kapilvastu. Confirmed by geometry: this item's P625 coordinate falls inside this district's COD polygon, and the containment is 1:1 within the residue."
NP0447,Nawalparasi East,Q50822475,नवलपरासी (बर्दघाट सुस्ता पूर्व),"The two sources use different names, not spellings: this district is ""Nawalparasi East"" to the COD and ""Nawalpur"" to Wikidata. The Nepali label नवलपरासी (बर्दघाट सुस्ता पूर्व) is self-identifying -- literally Nawalparasi Bardaghat Susta East, the official name after the 2017 split. Confirmed by geometry: this item's P625 coordinate falls inside this district's COD polygon, and the containment is 1:1 within the residue."
NP0547,Nawalparasi West,Q50824791,नवलपरासी (बर्दघाट सुस्ता पश्चिम),"Named ""Parasi District"" on Wikidata, so the name tier cannot reach it, and its P625 coordinate falls outside the COD polygon, so geometry cannot either. The Nepali label is self-identifying: नवलपरासी (बर्दघाट सुस्ता पश्चिम) is literally Nawalparasi Bardaghat Susta West, the district's official name after the 2017 split."
NP0552,Rukum East,Q51844688,पूर्वी रुकुम जिल्ला,"Named ""Eastern Rukum District"" on Wikidata, so the name tier cannot reach it, and its P625 coordinate sits inside neighbouring Salyan, so geometry would attach it to the wrong district. The Nepali label पूर्वी रुकुम is literally Eastern Rukum, which is this district and no other."
NP0652,Rukum West,Q53018063,पश्चिमी रुकुम जिल्ला,"The COD says ""Rukum West"", Wikidata ""Western Rukum"". The Nepali label पश्चिमी रुकुम is literally Western Rukum. Confirmed by geometry: this item's P625 coordinate falls inside this district's COD polygon, and the containment is 1:1 within the residue."
NP0323,Sindhupalchok,Q28445,सिन्धुपाल्चोक जिल्ला,"COD spells it Sindhupalchok, Wikidata Sindhupalchowk. Confirmed by geometry: this item's P625 coordinate falls inside this district's COD polygon, and the containment is 1:1 within the residue."
NP0440,Tanahu,Q28446,तनहुँ जिल्ला,"COD spells it Tanahu, Wikidata Tanahun. Confirmed by geometry: this item's P625 coordinate falls inside this district's COD polygon, and the containment is 1:1 within the residue."
NP0108,Terhathum,Q28585,तेह्रथुम जिल्ला,"COD spells it Terhathum, Wikidata Tehrathum. Confirmed by geometry: this item's P625 coordinate falls inside this district's COD polygon, and the containment is 1:1 within the residue."
